raw,filtered,diff
12.500000,12.500000,0.000000
12.500000,12.500000,0.000000
12.500000,12.500000,0.000000
12.500000,12.500000,0.000000
12.500000,12.500000,0.000000
12.500000,12.500000,0.000000
12.500000,12.500000,0.000000
12.500000,10.666667,1.833333
7.000000,8.833333,-1.833333
7.000000,8.833333,-1.833333
12.500000,10.666667,1.833333
12.500000,12.500000,0.000000
12.500000,12.500000,0.000000
